title,date,view
"Putin va Mirziyoyev, Ukraina va O‘zbekiston, Afg‘oniston tahdidi. “Juda shubhali diplomat” bilan suhbat",26 noyabr 20:29,20111
O‘zbekning ketmonini uchirgan rejissyor Zulfiqor Musoqov bilan suhbat,25 noyabr 19:15,8484
Davron Fayziyev JCHdan nimalar kutyapti?,24 noyabr 19:59,4754
O‘zbekistonning kiberxavfsizlik darajasi yoxud zamonaviy josuslar,22 noyabr 20:19,8400
TDT Turkiya bosimi ostidagi tashkilotmi?,12 noyabr 13:58,6666
"Dunyoda Rossiya, AQSH va Yevropa davri tugayapti",10 noyabr 17:21,18463
"Odamlar o‘laveradi, amaldorlar qamalmaydi",15 Oktabr 20:28,22029
Urush odamlari yoxud Afg‘on urushi qoldirgan qonli iz,05 Oktabr 22:08,16962
"1 soniyada o‘layotgan odamlar, pasaytirilayotgan tezlik, aybsiz haydovchilar – Yo‘llardagi yo‘l-yo‘l xatolar",03 Oktabr 19:20,9645
Putinparast o‘zbeklar urushga boradimi?,29 Sentabr 21:07,15383
Rossiya haqiqiy jahon urushiga tayyorgarlik ko‘rayotgandek – Botir Shermuhammad,24 Sentabr 22:11,22907
Rus “propaganda”siga uchayotgan o‘zbeklar yoxud Hukumatning sukuti oqibati nima bo‘ladi?,22 Sentabr 20:42,18637
Nega Putinni Mirziyoyev kutib olmadi?,16 Sentabr 14:28,47876
SHHT Afg‘onistonni qabul qila oladimi?,15 Sentabr 18:35,11474
Pashinyanning Samarqanddagi sammitga kelmasligi yirik yo‘qotish emas – Jo‘rayev (video),15 Sentabr 16:34,12772
SHHTning BMTdan farqi nima?,15 Sentabr 12:29,18412
"SHHT dollar va yevrodan kechib, mustaqil valyutaga o‘tishi mumkinmi? Ekspert javob berdi",14 Sentabr 15:47,17152
O‘zbekistonlik yigitlarni Rossiya qo‘shinlari safida jang qilishga nima majbur qilmoqda?,13 Sentabr 21:24,29670
"Ha, dunyoda narxlar oshyapti, ammo Ukrainada odamlar o‘lyapti – Zelenskaya",06 Sentabr 19:33,11505
"“Perevod”, korrupsiya, magistraturadagi “bomba” o‘zgarish yoxud rektorning iltimoschilarga iltimosi",30 avgust 21:27,14628
Islom Karimov qizining qamalishiga nega qarshilik qilmagandi?,25 avgust 20:59,56326
Bayden O‘zbekistonga keladimi? Yoxud ketayotgan elchi Rozenblyum bilan so‘nggi suhbat,24 avgust 21:09,18817
